<?xml version="1.0" encoding="utf-8"?>
<extension
	type="module"
	version="3.0"
	client="site"
	method="upgrade">
  <name>Google Map</name>
  <author>mcmraak</author>
  <creationDate>04.06.2015</creationDate>
  <copyright>mcmraak @ 2015 - Free Joomla Module</copyright>
  <license>Free</license>
  <authorEmail>mcmraak@gmail.com</authorEmail>
  <authorUrl>www.mraak.ru</authorUrl>
  <version>1.1</version>
  <description>Google - Карта</description>
	<files>
		<filename module="mod_Googlemap">mod_googlemap.php</filename>
	    <filename>index.html</filename>
		<filename>mod_googlemap.xml</filename>
	</files>

	<config>
		<fields name="params">
                    <fieldset name="options">
                        <field name="apikey" type="input" label="Google-api key" />
                    </fieldset>
                    <fieldset name="basic">
                            <field name="w_input" type="input" default="55.75396" label="Широта" />
                            <field name="l_input" type="input" default="37.620393" label="Долгота" />
                            <field name="zoom" type="input" default="10" label="Zoom" />
                            <field name="ww" type="input" default="600px" label="Ширина" />
                            <field name="hh" type="input" default="500px" label="Высота" />
                            <field name="hint" type="input" default="Москва" label="Имя метки" />
                            <field name="desc" type="input" default="Столица России" label="Текст метки" />
                            <field name="icon" class="" type="media" default=""
                                    label="Изображение маркера"
                                    description="Загрузить изображение маркера" />
                            <field
                                    name="marker_popup"
                                    type="radio"
                                    class="btn-group btn-group-yesno"
                                    label="Автопоказ текста метки"
                                    description="Автопоказ текста метки при загрузке карты"
                                    default="0">
                                    <option value="1">JYES</option>
                                    <option value="0">JNO</option>
                            </field>
                            <field name="colorjson" type="textarea" default="" label="Цветовая схема" description="Цветовая схема (JSON-Массив)" />
                    </fieldset>
		</fields>
	</config>
        <updateservers>
		<server type="extension" priority="1" name="Google map for Joomla">https://raw.githubusercontent.com/mcmraak/googlemap/master/update.xml</server>
	</updateservers>
</extension>
